K,	MovieName,	rating
1,	Scream of Stone (Schrei aus Stein) (1991),	0
   ,	Further Gesture  A (1996),	0
   ,	Mat' i syn (1997),	0
   ,	Very Natural Thing  A (1974),	0
   ,	Hush (1998),	0
   ,	Office Killer (1997),	0
   ,	King of New York (1990),	0
   ,	Sliding Doors (1998),	0
   ,	Other Voices  Other Rooms (1997),	0
   ,	Lotto Land (1995),	0
 , , 
2,	Scream of Stone (Schrei aus Stein) (1991),	0
   ,	Very Natural Thing  A (1974),	0
   ,	Walk in the Sun  A (1945),	0
   ,	King of New York (1990),	0
   ,	Further Gesture  A (1996),	0
   ,	Spirits of the Dead (Tre passi nel delirio) (1968),	0
   ,	Death in Brunswick (1991),	0
   ,	Office Killer (1997),	0
   ,	Promise  The (Versprechen  Das) (1994),	0
   ,	The Courtyard (1995),	0
 , , 
3,	Scarlet Letter  The (1926),	0
   ,	The Courtyard (1995),	0
   ,	Liebelei (1933),	0
   ,	Woman in Question  The (1950),	0
   ,	T-Men (1947),	0
   ,	Invitation  The (Zaproszenie) (1986),	0
   ,	Symphonie pastorale  La (1946),	0
   ,	Lashou shentan (1992),	0
   ,	Terror in a Texas Town (1958),	0
   ,	Hungarian Fairy Tale  A (1987),	0
 , , 
4,	Swiss Family Robinson (1960),	0
   ,	Kid in King Arthur's Court  A (1995),	0
   ,	Little Rascals  The (1994),	0
   ,	Tom and Huck (1995),	0
   ,	Operation Dumbo Drop (1995),	0
   ,	Andre (1994),	0
   ,	Rent-a-Kid (1995),	0
   ,	Love Affair (1994),	0
   ,	Black Beauty (1994),	0
   ,	Angels in the Outfield (1994),	0
 , , 
5,	Swiss Family Robinson (1960),	0
   ,	Little Rascals  The (1994),	0
   ,	Kid in King Arthur's Court  A (1995),	0
   ,	Tom and Huck (1995),	0
   ,	Night Flier (1997),	0
   ,	Truman Show  The (1998),	0
   ,	Swan Princess  The (1994),	0
   ,	Black Beauty (1994),	0
   ,	Operation Dumbo Drop (1995),	0
   ,	Davy Crockett  King of the Wild Frontier (1955),	0
 , , 
6,	Swiss Family Robinson (1960),	0
   ,	Little Rascals  The (1994),	0
   ,	Tom and Huck (1995),	0
   ,	Kid in King Arthur's Court  A (1995),	0
   ,	Operation Dumbo Drop (1995),	0
   ,	Love Affair (1994),	0
   ,	Night Flier (1997),	0
   ,	Truman Show  The (1998),	0
   ,	Black Beauty (1994),	0
   ,	Andre (1994),	0
 , , 
7,	Swiss Family Robinson (1960),	0
   ,	Little Rascals  The (1994),	0
   ,	Tom and Huck (1995),	0
   ,	Kid in King Arthur's Court  A (1995),	0
   ,	Operation Dumbo Drop (1995),	0
   ,	Night Flier (1997),	0
   ,	Truman Show  The (1998),	0
   ,	Swan Princess  The (1994),	0
   ,	Andre (1994),	0
   ,	Incognito (1997),	0
 , , 
8,	Forbidden Planet (1956),	0
   ,	Nosferatu (Nosferatu  eine Symphonie des Grauens) (1922),	0
   ,	Bride of Frankenstein (1935),	0
   ,	Adventures of Robin Hood  The (1938),	0
   ,	39 Steps  The (1935),	5
   ,	20 000 Leagues Under the Sea (1954),	4
   ,	Alice in Wonderland (1951),	0
   ,	Duck Soup (1933),	4
   ,	Blob  The (1958),	0
   ,	My Man Godfrey (1936),	0
 , , 
9,	Stargate (1994),	0
   ,	Magnificent Seven  The (1954),	0
   ,	Die Hard: With a Vengeance (1995),	0
   ,	Three Musketeers  The (1993),	0
   ,	Star Trek: The Motion Picture (1979),	0
   ,	Conan the Barbarian (1981),	0
   ,	Adventures of Robin Hood  The (1938),	0
   ,	Last Action Hero (1993),	0
   ,	Forbidden Planet (1956),	0
   ,	Star Trek VI: The Undiscovered Country (1991),	0
 , , 
10,	Magnificent Seven  The (1954),	0
   ,	Die Hard: With a Vengeance (1995),	0
   ,	Three Musketeers  The (1993),	0
   ,	Stargate (1994),	0
   ,	Adventures of Robin Hood  The (1938),	0
   ,	Duck Soup (1933),	4
   ,	Demolition Man (1993),	0
   ,	Last Action Hero (1993),	0
   ,	Cliffhanger (1993),	0
   ,	Waterworld (1995),	0
 , , 
11,	Magnificent Seven  The (1954),	0
   ,	Adventures of Robin Hood  The (1938),	0
   ,	Die Hard: With a Vengeance (1995),	0
   ,	Three Musketeers  The (1993),	0
   ,	Stargate (1994),	0
   ,	Duck Soup (1933),	4
   ,	Demolition Man (1993),	0
   ,	Last Action Hero (1993),	0
   ,	Thin Man  The (1934),	0
   ,	Dragonheart (1996),	0
 , , 
12,	Magnificent Seven  The (1954),	0
   ,	Adventures of Robin Hood  The (1938),	0
   ,	Die Hard: With a Vengeance (1995),	0
   ,	Three Musketeers  The (1993),	0
   ,	Stargate (1994),	0
   ,	Demolition Man (1993),	0
   ,	Duck Soup (1933),	4
   ,	Last Action Hero (1993),	0
   ,	Thin Man  The (1934),	0
   ,	Dragonheart (1996),	0
 , , 
13,	Magnificent Seven  The (1954),	0
   ,	Adventures of Robin Hood  The (1938),	0
   ,	Die Hard: With a Vengeance (1995),	0
   ,	Stargate (1994),	0
   ,	Three Musketeers  The (1993),	0
   ,	Demolition Man (1993),	0
   ,	Last Action Hero (1993),	0
   ,	Dragonheart (1996),	0
   ,	Cliffhanger (1993),	0
   ,	Duck Soup (1933),	4
 , , 
14,	Magnificent Seven  The (1954),	0
   ,	Stargate (1994),	0
   ,	Die Hard: With a Vengeance (1995),	0
   ,	Adventures of Robin Hood  The (1938),	0
   ,	Three Musketeers  The (1993),	0
   ,	Demolition Man (1993),	0
   ,	Last Action Hero (1993),	0
   ,	Duck Soup (1933),	4
   ,	Dragonheart (1996),	0
   ,	Cliffhanger (1993),	0
 , , 
15,	As Good As It Gets (1997),	0
   ,	Die Hard: With a Vengeance (1995),	0
   ,	Dragonheart (1996),	0
   ,	Stargate (1994),	0
   ,	Apt Pupil (1998),	0
   ,	Adventures of Robin Hood  The (1938),	0
   ,	Tomorrow Never Dies (1997),	0
   ,	Magnificent Seven  The (1954),	0
   ,	Star Trek: The Motion Picture (1979),	0
   ,	Wag the Dog (1997),	0
 , , 
16,	As Good As It Gets (1997),	0
   ,	Dragonheart (1996),	0
   ,	Die Hard: With a Vengeance (1995),	0
   ,	Waterworld (1995),	0
   ,	Tomorrow Never Dies (1997),	0
   ,	Wag the Dog (1997),	0
   ,	Escape from L.A. (1996),	0
   ,	Stargate (1994),	0
   ,	Star Trek: The Motion Picture (1979),	0
   ,	Last Action Hero (1993),	0
 , , 
17,	As Good As It Gets (1997),	0
   ,	Dragonheart (1996),	0
   ,	Waterworld (1995),	0
   ,	Die Hard: With a Vengeance (1995),	0
   ,	Tomorrow Never Dies (1997),	0
   ,	Escape from L.A. (1996),	0
   ,	Wag the Dog (1997),	0
   ,	Stargate (1994),	0
   ,	Star Trek: The Motion Picture (1979),	0
   ,	Last Action Hero (1993),	0
 , , 
18,	Die Hard: With a Vengeance (1995),	0
   ,	Men in Black (1997),	4
   ,	Tomorrow Never Dies (1997),	0
   ,	Star Trek: The Motion Picture (1979),	0
   ,	As Good As It Gets (1997),	0
   ,	Bananas (1971),	0
   ,	Deconstructing Harry (1997),	0
   ,	Duck Soup (1933),	4
   ,	Wag the Dog (1997),	0
   ,	Waterworld (1995),	0
 , , 
19,	Die Hard: With a Vengeance (1995),	0
   ,	Deconstructing Harry (1997),	0
   ,	Star Trek: The Motion Picture (1979),	0
   ,	Bananas (1971),	0
   ,	Tomorrow Never Dies (1997),	0
   ,	Duck Soup (1933),	4
   ,	As Good As It Gets (1997),	0
   ,	Clear and Present Danger (1994),	0
   ,	Dragonheart (1996),	0
   ,	Apostle  The (1997),	0
 , , 
20,	Die Hard: With a Vengeance (1995),	0
   ,	Deconstructing Harry (1997),	0
   ,	Duck Soup (1933),	4
   ,	Tomorrow Never Dies (1997),	0
   ,	Dragonheart (1996),	0
   ,	Star Trek: The Motion Picture (1979),	0
   ,	Wag the Dog (1997),	0
   ,	As Good As It Gets (1997),	0
   ,	Bananas (1971),	0
   ,	Apostle  The (1997),	0
 , , 
21,	Star Trek: The Motion Picture (1979),	0
   ,	Deconstructing Harry (1997),	0
   ,	Die Hard: With a Vengeance (1995),	0
   ,	Tomorrow Never Dies (1997),	0
   ,	Duck Soup (1933),	4
   ,	As Good As It Gets (1997),	0
   ,	Star Trek III: The Search for Spock (1984),	0
   ,	Apostle  The (1997),	0
   ,	Dragonheart (1996),	0
   ,	Wag the Dog (1997),	0
 , , 
22,	Star Trek: The Motion Picture (1979),	0
   ,	Die Hard: With a Vengeance (1995),	0
   ,	Deconstructing Harry (1997),	0
   ,	Tomorrow Never Dies (1997),	0
   ,	Duck Soup (1933),	4
   ,	Star Trek III: The Search for Spock (1984),	0
   ,	Dragonheart (1996),	0
   ,	As Good As It Gets (1997),	0
   ,	Waterworld (1995),	0
   ,	Apostle  The (1997),	0
 , , 
23,	Star Trek: The Motion Picture (1979),	0
   ,	Die Hard: With a Vengeance (1995),	0
   ,	Deconstructing Harry (1997),	0
   ,	Tomorrow Never Dies (1997),	0
   ,	Duck Soup (1933),	4
   ,	As Good As It Gets (1997),	0
   ,	Star Trek III: The Search for Spock (1984),	0
   ,	Dragonheart (1996),	0
   ,	Apostle  The (1997),	0
   ,	Waterworld (1995),	0
 , , 
24,	Deconstructing Harry (1997),	0
   ,	Die Hard: With a Vengeance (1995),	0
   ,	Star Trek: The Motion Picture (1979),	0
   ,	Apostle  The (1997),	0
   ,	Bananas (1971),	0
   ,	Dragonheart (1996),	0
   ,	As Good As It Gets (1997),	0
   ,	Sweet Hereafter  The (1997),	0
   ,	Kundun (1997),	0
   ,	Forbidden Planet (1956),	0
 , , 
25,	Bananas (1971),	0
   ,	Star Trek III: The Search for Spock (1984),	0
   ,	Wag the Dog (1997),	0
   ,	Deconstructing Harry (1997),	0
   ,	Star Trek: The Motion Picture (1979),	0
   ,	Apostle  The (1997),	0
   ,	Sleeper (1973),	0
   ,	Sweet Hereafter  The (1997),	0
   ,	Dragonheart (1996),	0
   ,	Tomorrow Never Dies (1997),	0
 , , 
26,	Star Trek III: The Search for Spock (1984),	0
   ,	Star Trek: The Motion Picture (1979),	0
   ,	Bananas (1971),	0
   ,	Deconstructing Harry (1997),	0
   ,	Apostle  The (1997),	0
   ,	Wag the Dog (1997),	0
   ,	Sleeper (1973),	0
   ,	Sweet Hereafter  The (1997),	0
   ,	Dragonheart (1996),	0
   ,	Kundun (1997),	0
 , , 
27,	Star Trek III: The Search for Spock (1984),	0
   ,	Star Trek: The Motion Picture (1979),	0
   ,	Deconstructing Harry (1997),	0
   ,	Bananas (1971),	0
   ,	Wag the Dog (1997),	0
   ,	Apostle  The (1997),	0
   ,	Dragonheart (1996),	0
   ,	Sweet Hereafter  The (1997),	0
   ,	Sleeper (1973),	0
   ,	Jackie Brown (1997),	0
 , , 
28,	Star Trek III: The Search for Spock (1984),	0
   ,	Star Trek: The Motion Picture (1979),	0
   ,	Deconstructing Harry (1997),	0
   ,	Bananas (1971),	0
   ,	Wag the Dog (1997),	0
   ,	Apostle  The (1997),	0
   ,	Dragonheart (1996),	0
   ,	Sweet Hereafter  The (1997),	0
   ,	Sleeper (1973),	0
   ,	Jackie Brown (1997),	0
 , , 
29,	Star Trek: The Motion Picture (1979),	0
   ,	Star Trek III: The Search for Spock (1984),	0
   ,	Deconstructing Harry (1997),	0
   ,	Bananas (1971),	0
   ,	Dragonheart (1996),	0
   ,	Wag the Dog (1997),	0
   ,	Apostle  The (1997),	0
   ,	Sweet Hereafter  The (1997),	0
   ,	Jackie Brown (1997),	0
   ,	Star Trek IV: The Voyage Home (1986),	0
 , , 
30,	Star Trek: The Motion Picture (1979),	0
   ,	Star Trek III: The Search for Spock (1984),	0
   ,	Bananas (1971),	0
   ,	Deconstructing Harry (1997),	0
   ,	Dragonheart (1996),	0
   ,	Star Trek IV: The Voyage Home (1986),	0
   ,	Sleeper (1973),	0
   ,	Apostle  The (1997),	0
   ,	Star Trek: The Wrath of Khan (1982),	4
   ,	Die Hard: With a Vengeance (1995),	0
 , , 
31,	Star Trek: The Motion Picture (1979),	0
   ,	Star Trek III: The Search for Spock (1984),	0
   ,	Bananas (1971),	0
   ,	Dragonheart (1996),	0
   ,	Deconstructing Harry (1997),	0
   ,	Sleeper (1973),	0
   ,	Apostle  The (1997),	0
   ,	Star Trek: The Wrath of Khan (1982),	4
   ,	Die Hard: With a Vengeance (1995),	0
   ,	Wag the Dog (1997),	0
 , , 
32,	Star Trek: The Motion Picture (1979),	0
   ,	Dragonheart (1996),	0
   ,	Star Trek III: The Search for Spock (1984),	0
   ,	As Good As It Gets (1997),	0
   ,	Star Trek: The Wrath of Khan (1982),	4
   ,	Sleeper (1973),	0
   ,	Apostle  The (1997),	0
   ,	Bananas (1971),	0
   ,	Eve's Bayou (1997),	0
   ,	Die Hard: With a Vengeance (1995),	0
 , , 
33,	Star Trek: The Motion Picture (1979),	0
   ,	Dragonheart (1996),	0
   ,	Star Trek III: The Search for Spock (1984),	0
   ,	Sleeper (1973),	0
   ,	As Good As It Gets (1997),	0
   ,	Executive Decision (1996),	0
   ,	Clear and Present Danger (1994),	0
   ,	Bananas (1971),	0
   ,	Waterworld (1995),	0
   ,	Die Hard: With a Vengeance (1995),	0
 , , 
34,	Star Trek: The Motion Picture (1979),	0
   ,	Dragonheart (1996),	0
   ,	Star Trek III: The Search for Spock (1984),	0
   ,	Sleeper (1973),	0
   ,	As Good As It Gets (1997),	0
   ,	Clear and Present Danger (1994),	0
   ,	Executive Decision (1996),	0
   ,	Bananas (1971),	0
   ,	Die Hard: With a Vengeance (1995),	0
   ,	Waterworld (1995),	0
 , , 
35,	Star Trek: The Motion Picture (1979),	0
   ,	Dragonheart (1996),	0
   ,	Star Trek III: The Search for Spock (1984),	0
   ,	Sleeper (1973),	0
   ,	As Good As It Gets (1997),	0
   ,	Clear and Present Danger (1994),	0
   ,	Executive Decision (1996),	0
   ,	Bananas (1971),	0
   ,	Die Hard: With a Vengeance (1995),	0
   ,	Big Sleep  The (1946),	0
 , , 
36,	Dragonheart (1996),	0
   ,	Star Trek: The Motion Picture (1979),	0
   ,	As Good As It Gets (1997),	0
   ,	Clear and Present Danger (1994),	0
   ,	GoldenEye (1995),	0
   ,	Die Hard: With a Vengeance (1995),	0
   ,	Sleeper (1973),	0
   ,	Chain Reaction (1996),	0
   ,	Apostle  The (1997),	0
   ,	Tomorrow Never Dies (1997),	0
 , , 
37,	Dragonheart (1996),	0
   ,	As Good As It Gets (1997),	0
   ,	Clear and Present Danger (1994),	0
   ,	Star Trek: The Motion Picture (1979),	0
   ,	GoldenEye (1995),	0
   ,	Good Will Hunting (1997),	0
   ,	Chain Reaction (1996),	0
   ,	Sleeper (1973),	0
   ,	Tomorrow Never Dies (1997),	0
   ,	Die Hard: With a Vengeance (1995),	0
 , , 
38,	Dragonheart (1996),	0
   ,	Waterworld (1995),	0
   ,	Chain Reaction (1996),	0
   ,	Sleeper (1973),	0
   ,	GoldenEye (1995),	0
   ,	Manhattan (1979),	0
   ,	Three Musketeers  The (1993),	0
   ,	Diva (1981),	0
   ,	Star Trek: The Motion Picture (1979),	0
   ,	Bananas (1971),	0
 , , 
39,	Dragonheart (1996),	0
   ,	Waterworld (1995),	0
   ,	Chain Reaction (1996),	0
   ,	Sleeper (1973),	0
   ,	GoldenEye (1995),	0
   ,	Manhattan (1979),	0
   ,	Three Musketeers  The (1993),	0
   ,	Diva (1981),	0
   ,	Star Trek: The Motion Picture (1979),	0
   ,	Bananas (1971),	0
 , , 
40,	Dragonheart (1996),	0
   ,	Waterworld (1995),	0
   ,	Sleeper (1973),	0
   ,	Manhattan (1979),	0
   ,	Chain Reaction (1996),	0
   ,	Bananas (1971),	0
   ,	Three Musketeers  The (1993),	0
   ,	Star Trek: The Motion Picture (1979),	0
   ,	Diva (1981),	0
   ,	Birds  The (1963),	0
 , , 
41,	Dragonheart (1996),	0
   ,	Hunt for Red October  The (1990),	4
   ,	Birds  The (1963),	0
   ,	Stargate (1994),	0
   ,	Clear and Present Danger (1994),	0
   ,	Phantom  The (1996),	0
   ,	Tomorrow Never Dies (1997),	0
   ,	Rainmaker  The (1997),	0
   ,	Good Will Hunting (1997),	0
   ,	Batman & Robin (1997),	0
 , , 
42,	Dragonheart (1996),	0
   ,	Birds  The (1963),	0
   ,	Hunt for Red October  The (1990),	4
   ,	Stargate (1994),	0
   ,	Phantom  The (1996),	0
   ,	Belle de jour (1967),	0
   ,	Clear and Present Danger (1994),	0
   ,	Good Will Hunting (1997),	0
   ,	Chain Reaction (1996),	0
   ,	Batman & Robin (1997),	0
 , , 
43,	Dragonheart (1996),	0
   ,	Birds  The (1963),	0
   ,	Hunt for Red October  The (1990),	4
   ,	Stargate (1994),	0
   ,	Belle de jour (1967),	0
   ,	Good Will Hunting (1997),	0
   ,	Muppet Treasure Island (1996),	0
   ,	Phantom  The (1996),	0
   ,	Chain Reaction (1996),	0
   ,	GoldenEye (1995),	0
 , , 
44,	Dragonheart (1996),	0
   ,	Birds  The (1963),	0
   ,	Hunt for Red October  The (1990),	4
   ,	GoldenEye (1995),	0
   ,	Titanic (1997),	0
   ,	Bananas (1971),	0
   ,	Clear and Present Danger (1994),	0
   ,	Bullets Over Broadway (1994),	0
   ,	Manhattan (1979),	0
   ,	North by Northwest (1959),	4
 , , 
45,	Birds  The (1963),	0
   ,	Dragonheart (1996),	0
   ,	Fly Away Home (1996),	0
   ,	As Good As It Gets (1997),	0
   ,	Chain Reaction (1996),	0
   ,	GoldenEye (1995),	0
   ,	Hunt for Red October  The (1990),	4
   ,	Return of the Pink Panther  The (1974),	0
   ,	Belle de jour (1967),	0
   ,	Three Musketeers  The (1993),	0
 , , 
46,	Birds  The (1963),	0
   ,	Dragonheart (1996),	0
   ,	Hunt for Red October  The (1990),	4
   ,	Chain Reaction (1996),	0
   ,	Bridge on the River Kwai  The (1957),	0
   ,	Fly Away Home (1996),	0
   ,	Return of the Pink Panther  The (1974),	0
   ,	Clear and Present Danger (1994),	0
   ,	Batman & Robin (1997),	0
   ,	As Good As It Gets (1997),	0
 , , 
47,	Birds  The (1963),	0
   ,	Dragonheart (1996),	0
   ,	Bridge on the River Kwai  The (1957),	0
   ,	Chain Reaction (1996),	0
   ,	Manhattan (1979),	0
   ,	As Good As It Gets (1997),	0
   ,	Hunt for Red October  The (1990),	4
   ,	Batman & Robin (1997),	0
   ,	Bullets Over Broadway (1994),	0
   ,	Belle de jour (1967),	0
 , , 
48,	Birds  The (1963),	0
   ,	Dragonheart (1996),	0
   ,	As Good As It Gets (1997),	0
   ,	Chain Reaction (1996),	0
   ,	Manhattan (1979),	0
   ,	Hunt for Red October  The (1990),	4
   ,	Bridge on the River Kwai  The (1957),	0
   ,	Clear and Present Danger (1994),	0
   ,	Batman & Robin (1997),	0
   ,	Return of the Pink Panther  The (1974),	0
 , , 
49,	Birds  The (1963),	0
   ,	As Good As It Gets (1997),	0
   ,	Cook the Thief His Wife & Her Lover  The (1989),	0
   ,	Rebel Without a Cause (1955),	0
   ,	Belle de jour (1967),	0
   ,	Manhattan (1979),	0
   ,	Muppet Treasure Island (1996),	0
   ,	Fly Away Home (1996),	0
   ,	Batman & Robin (1997),	0
   ,	Richard III (1995),	0
 , , 
50,	Birds  The (1963),	0
   ,	As Good As It Gets (1997),	0
   ,	Rebel Without a Cause (1955),	0
   ,	Cook the Thief His Wife & Her Lover  The (1989),	0
   ,	Belle de jour (1967),	0
   ,	Muppet Treasure Island (1996),	0
   ,	Batman & Robin (1997),	0
   ,	Manhattan (1979),	0
   ,	Fly Away Home (1996),	0
   ,	Richard III (1995),	0
 , , 
51,	Birds  The (1963),	0
   ,	Richard III (1995),	0
   ,	As Good As It Gets (1997),	0
   ,	Cook the Thief His Wife & Her Lover  The (1989),	0
   ,	Ulee's Gold (1997),	0
   ,	Better Off Dead... (1985),	0
   ,	Rebel Without a Cause (1955),	0
   ,	Muppet Treasure Island (1996),	0
   ,	Batman & Robin (1997),	0
   ,	Rebecca (1940),	0
 , , 
52,	Birds  The (1963),	0
   ,	Richard III (1995),	0
   ,	Ulee's Gold (1997),	0
   ,	As Good As It Gets (1997),	0
   ,	Cook the Thief His Wife & Her Lover  The (1989),	0
   ,	Sneakers (1992),	4
   ,	Rebel Without a Cause (1955),	0
   ,	Muppet Treasure Island (1996),	0
   ,	Manhattan (1979),	0
   ,	Fly Away Home (1996),	0
 , , 
53,	Birds  The (1963),	0
   ,	Richard III (1995),	0
   ,	Ulee's Gold (1997),	0
   ,	As Good As It Gets (1997),	0
   ,	Cook the Thief His Wife & Her Lover  The (1989),	0
   ,	Manhattan (1979),	0
   ,	Sneakers (1992),	4
   ,	Rebel Without a Cause (1955),	0
   ,	Muppet Treasure Island (1996),	0
   ,	Fly Away Home (1996),	0
 , , 
54,	Birds  The (1963),	0
   ,	Richard III (1995),	0
   ,	As Good As It Gets (1997),	0
   ,	Ulee's Gold (1997),	0
   ,	Cook the Thief His Wife & Her Lover  The (1989),	0
   ,	Rebel Without a Cause (1955),	0
   ,	Sneakers (1992),	4
   ,	Muppet Treasure Island (1996),	0
   ,	Fly Away Home (1996),	0
   ,	Manhattan (1979),	0
 , , 
55,	Birds  The (1963),	0
   ,	Richard III (1995),	0
   ,	Cook the Thief His Wife & Her Lover  The (1989),	0
   ,	Ulee's Gold (1997),	0
   ,	As Good As It Gets (1997),	0
   ,	Rebel Without a Cause (1955),	0
   ,	Sneakers (1992),	4
   ,	Fly Away Home (1996),	0
   ,	Duck Soup (1933),	4
   ,	Muppet Treasure Island (1996),	0
 , , 
56,	Birds  The (1963),	0
   ,	Richard III (1995),	0
   ,	Cook the Thief His Wife & Her Lover  The (1989),	0
   ,	Sneakers (1992),	4
   ,	Ulee's Gold (1997),	0
   ,	As Good As It Gets (1997),	0
   ,	Duck Soup (1933),	4
   ,	Fly Away Home (1996),	0
   ,	Rebel Without a Cause (1955),	0
   ,	Muppet Treasure Island (1996),	0
 , , 
57,	Birds  The (1963),	0
   ,	Fly Away Home (1996),	0
   ,	Richard III (1995),	0
   ,	Ulee's Gold (1997),	0
   ,	Sneakers (1992),	4
   ,	Chain Reaction (1996),	0
   ,	Dragonheart (1996),	0
   ,	Batman & Robin (1997),	0
   ,	Right Stuff  The (1983),	0
   ,	Rebecca (1940),	0
 , , 
58,	Birds  The (1963),	0
   ,	Richard III (1995),	0
   ,	Ulee's Gold (1997),	0
   ,	Fly Away Home (1996),	0
   ,	Chain Reaction (1996),	0
   ,	Sneakers (1992),	4
   ,	Dragonheart (1996),	0
   ,	Batman & Robin (1997),	0
   ,	Good Will Hunting (1997),	0
   ,	Rainmaker  The (1997),	0
 , , 
59,	Birds  The (1963),	0
   ,	Richard III (1995),	0
   ,	Ulee's Gold (1997),	0
   ,	Fly Away Home (1996),	0
   ,	Chain Reaction (1996),	0
   ,	Dragonheart (1996),	0
   ,	Sneakers (1992),	4
   ,	Batman & Robin (1997),	0
   ,	Right Stuff  The (1983),	0
   ,	Rainmaker  The (1997),	0
 , , 
60,	Ulee's Gold (1997),	0
   ,	Birds  The (1963),	0
   ,	Richard III (1995),	0
   ,	Right Stuff  The (1983),	0
   ,	Dragonheart (1996),	0
   ,	Batman & Robin (1997),	0
   ,	As Good As It Gets (1997),	0
   ,	Chain Reaction (1996),	0
   ,	Sneakers (1992),	4
   ,	White Squall (1996),	0
 , , 
61,	Ulee's Gold (1997),	0
   ,	Birds  The (1963),	0
   ,	Right Stuff  The (1983),	0
   ,	Richard III (1995),	0
   ,	Batman & Robin (1997),	0
   ,	Dragonheart (1996),	0
   ,	Sneakers (1992),	4
   ,	Much Ado About Nothing (1993),	0
   ,	Chain Reaction (1996),	0
   ,	As Good As It Gets (1997),	0
 , , 
62,	Birds  The (1963),	0
   ,	Ulee's Gold (1997),	0
   ,	Right Stuff  The (1983),	0
   ,	Richard III (1995),	0
   ,	Batman & Robin (1997),	0
   ,	Dragonheart (1996),	0
   ,	White Squall (1996),	0
   ,	Sneakers (1992),	4
   ,	Chain Reaction (1996),	0
   ,	Ran (1985),	0
 , , 
63,	Birds  The (1963),	0
   ,	Ulee's Gold (1997),	0
   ,	Right Stuff  The (1983),	0
   ,	White Squall (1996),	0
   ,	Batman & Robin (1997),	0
   ,	Richard III (1995),	0
   ,	Sneakers (1992),	4
   ,	Dragonheart (1996),	0
   ,	Chain Reaction (1996),	0
   ,	His Girl Friday (1940),	0
 , , 
64,	Birds  The (1963),	0
   ,	Ulee's Gold (1997),	0
   ,	Right Stuff  The (1983),	0
   ,	White Squall (1996),	0
   ,	Batman & Robin (1997),	0
   ,	Richard III (1995),	0
   ,	Sneakers (1992),	4
   ,	Dragonheart (1996),	0
   ,	His Girl Friday (1940),	0
   ,	Lost World: Jurassic Park  The (1997),	0
 , , 
65,	Birds  The (1963),	0
   ,	Right Stuff  The (1983),	0
   ,	Ulee's Gold (1997),	0
   ,	Sneakers (1992),	4
   ,	Batman & Robin (1997),	0
   ,	White Squall (1996),	0
   ,	Richard III (1995),	0
   ,	Lost World: Jurassic Park  The (1997),	0
   ,	Bringing Up Baby (1938),	0
   ,	Chain Reaction (1996),	0
 , , 
66,	Birds  The (1963),	0
   ,	Right Stuff  The (1983),	0
   ,	Ulee's Gold (1997),	0
   ,	White Squall (1996),	0
   ,	Sneakers (1992),	4
   ,	Batman & Robin (1997),	0
   ,	Richard III (1995),	0
   ,	Lost World: Jurassic Park  The (1997),	0
   ,	Waterworld (1995),	0
   ,	Bringing Up Baby (1938),	0
 , , 
67,	Birds  The (1963),	0
   ,	Sneakers (1992),	4
   ,	Right Stuff  The (1983),	0
   ,	Batman & Robin (1997),	0
   ,	White Squall (1996),	0
   ,	Lost World: Jurassic Park  The (1997),	0
   ,	Ulee's Gold (1997),	0
   ,	Richard III (1995),	0
   ,	Bringing Up Baby (1938),	0
   ,	Good Will Hunting (1997),	0
 , , 
68,	Birds  The (1963),	0
   ,	Sneakers (1992),	4
   ,	Right Stuff  The (1983),	0
   ,	Batman & Robin (1997),	0
   ,	White Squall (1996),	0
   ,	Lost World: Jurassic Park  The (1997),	0
   ,	Ulee's Gold (1997),	0
   ,	Richard III (1995),	0
   ,	Bringing Up Baby (1938),	0
   ,	Good Will Hunting (1997),	0
 , , 
69,	Birds  The (1963),	0
   ,	Sneakers (1992),	4
   ,	Right Stuff  The (1983),	0
   ,	Batman & Robin (1997),	0
   ,	White Squall (1996),	0
   ,	Lost World: Jurassic Park  The (1997),	0
   ,	Ulee's Gold (1997),	0
   ,	Richard III (1995),	0
   ,	Bringing Up Baby (1938),	0
   ,	As Good As It Gets (1997),	0
 , , 
70,	Birds  The (1963),	0
   ,	Sneakers (1992),	4
   ,	Right Stuff  The (1983),	0
   ,	Batman & Robin (1997),	0
   ,	White Squall (1996),	0
   ,	Lost World: Jurassic Park  The (1997),	0
   ,	Richard III (1995),	0
   ,	Ulee's Gold (1997),	0
   ,	Nosferatu (Nosferatu  eine Symphonie des Grauens) (1922),	0
   ,	Bringing Up Baby (1938),	0
 , , 
71,	Birds  The (1963),	0
   ,	Right Stuff  The (1983),	0
   ,	Sneakers (1992),	4
   ,	Batman & Robin (1997),	0
   ,	Ulee's Gold (1997),	0
   ,	Richard III (1995),	0
   ,	White Squall (1996),	0
   ,	Lost World: Jurassic Park  The (1997),	0
   ,	As Good As It Gets (1997),	0
   ,	First Knight (1995),	0
 , , 
72,	Birds  The (1963),	0
   ,	Right Stuff  The (1983),	0
   ,	Sneakers (1992),	4
   ,	Batman & Robin (1997),	0
   ,	Richard III (1995),	0
   ,	White Squall (1996),	0
   ,	Ulee's Gold (1997),	0
   ,	Lost World: Jurassic Park  The (1997),	0
   ,	As Good As It Gets (1997),	0
   ,	First Knight (1995),	0
 , , 
73,	Birds  The (1963),	0
   ,	Right Stuff  The (1983),	0
   ,	Batman & Robin (1997),	0
   ,	Sneakers (1992),	4
   ,	Lost World: Jurassic Park  The (1997),	0
   ,	Ulee's Gold (1997),	0
   ,	As Good As It Gets (1997),	0
   ,	Richard III (1995),	0
   ,	White Squall (1996),	0
   ,	First Knight (1995),	0
 , , 
74,	Birds  The (1963),	0
   ,	Lost World: Jurassic Park  The (1997),	0
   ,	Miracle on 34th Street (1994),	0
   ,	Batman & Robin (1997),	0
   ,	Nosferatu (Nosferatu  eine Symphonie des Grauens) (1922),	0
   ,	Ulee's Gold (1997),	0
   ,	Waterworld (1995),	0
   ,	Mary Poppins (1964),	4
   ,	Mr. Smith Goes to Washington (1939),	0
   ,	Top Gun (1986),	0
 , , 
75,	Birds  The (1963),	0
   ,	Lost World: Jurassic Park  The (1997),	0
   ,	Miracle on 34th Street (1994),	0
   ,	Top Gun (1986),	0
   ,	Mary Poppins (1964),	4
   ,	Ulee's Gold (1997),	0
   ,	Executive Decision (1996),	0
   ,	Muppet Treasure Island (1996),	0
   ,	Home Alone (1990),	0
   ,	Batman & Robin (1997),	0
 , , 
76,	Birds  The (1963),	0
   ,	Top Gun (1986),	0
   ,	Miracle on 34th Street (1994),	0
   ,	Lost World: Jurassic Park  The (1997),	0
   ,	Mary Poppins (1964),	4
   ,	Muppet Treasure Island (1996),	0
   ,	Batman & Robin (1997),	0
   ,	Executive Decision (1996),	0
   ,	Ulee's Gold (1997),	0
   ,	Home Alone (1990),	0
 , , 
77,	Birds  The (1963),	0
   ,	Lost World: Jurassic Park  The (1997),	0
   ,	Top Gun (1986),	0
   ,	Mary Poppins (1964),	4
   ,	Muppet Treasure Island (1996),	0
   ,	Executive Decision (1996),	0
   ,	Right Stuff  The (1983),	0
   ,	Batman & Robin (1997),	0
   ,	Nosferatu (Nosferatu  eine Symphonie des Grauens) (1922),	0
   ,	Dragonheart (1996),	0
 , , 
78,	Birds  The (1963),	0
   ,	Lost World: Jurassic Park  The (1997),	0
   ,	Top Gun (1986),	0
   ,	Batman & Robin (1997),	0
   ,	Mr. Smith Goes to Washington (1939),	0
   ,	Chain Reaction (1996),	0
   ,	Mary Poppins (1964),	4
   ,	Muppet Treasure Island (1996),	0
   ,	Nosferatu (Nosferatu  eine Symphonie des Grauens) (1922),	0
   ,	Right Stuff  The (1983),	0
 , , 
79,	Birds  The (1963),	0
   ,	Lost World: Jurassic Park  The (1997),	0
   ,	Top Gun (1986),	0
   ,	Batman & Robin (1997),	0
   ,	Mary Poppins (1964),	4
   ,	Nosferatu (Nosferatu  eine Symphonie des Grauens) (1922),	0
   ,	Chain Reaction (1996),	0
   ,	Right Stuff  The (1983),	0
   ,	Mr. Smith Goes to Washington (1939),	0
   ,	Muppet Treasure Island (1996),	0
 , , 
80,	Birds  The (1963),	0
   ,	Lost World: Jurassic Park  The (1997),	0
   ,	Top Gun (1986),	0
   ,	Mary Poppins (1964),	4
   ,	Ulee's Gold (1997),	0
   ,	L.A. Confidential (1997),	0
   ,	Mr. Smith Goes to Washington (1939),	0
   ,	Bullets Over Broadway (1994),	0
   ,	Right Stuff  The (1983),	0
   ,	Batman & Robin (1997),	0
 , , 
81,	Birds  The (1963),	0
   ,	Top Gun (1986),	0
   ,	Lost World: Jurassic Park  The (1997),	0
   ,	Mary Poppins (1964),	4
   ,	Mr. Smith Goes to Washington (1939),	0
   ,	Ulee's Gold (1997),	0
   ,	L.A. Confidential (1997),	0
   ,	Bullets Over Broadway (1994),	0
   ,	Right Stuff  The (1983),	0
   ,	Much Ado About Nothing (1993),	0
 , , 
82,	Birds  The (1963),	0
   ,	Right Stuff  The (1983),	0
   ,	L.A. Confidential (1997),	0
   ,	Mary Poppins (1964),	4
   ,	Top Gun (1986),	0
   ,	Ulee's Gold (1997),	0
   ,	Lost World: Jurassic Park  The (1997),	0
   ,	Muppet Treasure Island (1996),	0
   ,	Mr. Smith Goes to Washington (1939),	0
   ,	Bullets Over Broadway (1994),	0
 , , 
83,	Birds  The (1963),	0
   ,	Right Stuff  The (1983),	0
   ,	L.A. Confidential (1997),	0
   ,	Top Gun (1986),	0
   ,	Mary Poppins (1964),	4
   ,	Ulee's Gold (1997),	0
   ,	Lost World: Jurassic Park  The (1997),	0
   ,	Muppet Treasure Island (1996),	0
   ,	Mr. Smith Goes to Washington (1939),	0
   ,	Bullets Over Broadway (1994),	0
 , , 
84,	Birds  The (1963),	0
   ,	Right Stuff  The (1983),	0
   ,	L.A. Confidential (1997),	0
   ,	Top Gun (1986),	0
   ,	Mary Poppins (1964),	4
   ,	Lost World: Jurassic Park  The (1997),	0
   ,	Ulee's Gold (1997),	0
   ,	Muppet Treasure Island (1996),	0
   ,	Mr. Smith Goes to Washington (1939),	0
   ,	Bullets Over Broadway (1994),	0
 , , 
85,	Birds  The (1963),	0
   ,	Right Stuff  The (1983),	0
   ,	L.A. Confidential (1997),	0
   ,	Top Gun (1986),	0
   ,	Mary Poppins (1964),	4
   ,	Lost World: Jurassic Park  The (1997),	0
   ,	Ulee's Gold (1997),	0
   ,	Muppet Treasure Island (1996),	0
   ,	Bullets Over Broadway (1994),	0
   ,	Mr. Smith Goes to Washington (1939),	0
 , , 
86,	Birds  The (1963),	0
   ,	Right Stuff  The (1983),	0
   ,	Top Gun (1986),	0
   ,	Ulee's Gold (1997),	0
   ,	Mr. Smith Goes to Washington (1939),	0
   ,	L.A. Confidential (1997),	0
   ,	Lost World: Jurassic Park  The (1997),	0
   ,	Mary Poppins (1964),	4
   ,	Bullets Over Broadway (1994),	0
   ,	Muppet Treasure Island (1996),	0
 , , 
87,	Birds  The (1963),	0
   ,	Right Stuff  The (1983),	0
   ,	Top Gun (1986),	0
   ,	Ulee's Gold (1997),	0
   ,	L.A. Confidential (1997),	0
   ,	Mary Poppins (1964),	4
   ,	Mr. Smith Goes to Washington (1939),	0
   ,	Lost World: Jurassic Park  The (1997),	0
   ,	Bullets Over Broadway (1994),	0
   ,	Muppet Treasure Island (1996),	0
 , , 
88,	Birds  The (1963),	0
   ,	Right Stuff  The (1983),	0
   ,	Top Gun (1986),	0
   ,	Ulee's Gold (1997),	0
   ,	L.A. Confidential (1997),	0
   ,	Mary Poppins (1964),	4
   ,	Mr. Smith Goes to Washington (1939),	0
   ,	Lost World: Jurassic Park  The (1997),	0
   ,	Bullets Over Broadway (1994),	0
   ,	Muppet Treasure Island (1996),	0
 , , 
89,	Birds  The (1963),	0
   ,	Right Stuff  The (1983),	0
   ,	Top Gun (1986),	0
   ,	Mary Poppins (1964),	4
   ,	Ulee's Gold (1997),	0
   ,	Bullets Over Broadway (1994),	0
   ,	Mr. Smith Goes to Washington (1939),	0
   ,	Lost World: Jurassic Park  The (1997),	0
   ,	L.A. Confidential (1997),	0
   ,	Muppet Treasure Island (1996),	0
 , , 
90,	Birds  The (1963),	0
   ,	Right Stuff  The (1983),	0
   ,	Top Gun (1986),	0
   ,	Mary Poppins (1964),	4
   ,	Mr. Smith Goes to Washington (1939),	0
   ,	Ulee's Gold (1997),	0
   ,	Bullets Over Broadway (1994),	0
   ,	Muppet Treasure Island (1996),	0
   ,	Lost World: Jurassic Park  The (1997),	0
   ,	L.A. Confidential (1997),	0
 , , 
91,	Birds  The (1963),	0
   ,	Right Stuff  The (1983),	0
   ,	Mary Poppins (1964),	4
   ,	Top Gun (1986),	0
   ,	Bullets Over Broadway (1994),	0
   ,	L.A. Confidential (1997),	0
   ,	Mr. Smith Goes to Washington (1939),	0
   ,	Executive Decision (1996),	0
   ,	Sleepless in Seattle (1993),	0
   ,	Ulee's Gold (1997),	0
 , , 
92,	Birds  The (1963),	0
   ,	Mary Poppins (1964),	4
   ,	Right Stuff  The (1983),	0
   ,	Bullets Over Broadway (1994),	0
   ,	Top Gun (1986),	0
   ,	L.A. Confidential (1997),	0
   ,	Sleepless in Seattle (1993),	0
   ,	Mr. Smith Goes to Washington (1939),	0
   ,	Richard III (1995),	0
   ,	Executive Decision (1996),	0
 , , 
93,	Birds  The (1963),	0
   ,	Mary Poppins (1964),	4
   ,	Bullets Over Broadway (1994),	0
   ,	Top Gun (1986),	0
   ,	Kolya (1996),	0
   ,	Right Stuff  The (1983),	0
   ,	Richard III (1995),	0
   ,	Sleepless in Seattle (1993),	0
   ,	Executive Decision (1996),	0
   ,	Lost World: Jurassic Park  The (1997),	0
 , , 
94,	Birds  The (1963),	0
   ,	Bullets Over Broadway (1994),	0
   ,	Top Gun (1986),	0
   ,	Mary Poppins (1964),	4
   ,	Kolya (1996),	0
   ,	Right Stuff  The (1983),	0
   ,	Richard III (1995),	0
   ,	Lost World: Jurassic Park  The (1997),	0
   ,	Sleepless in Seattle (1993),	0
   ,	Chain Reaction (1996),	0
 , , 
95,	Birds  The (1963),	0
   ,	Top Gun (1986),	0
   ,	Bullets Over Broadway (1994),	0
   ,	Kolya (1996),	0
   ,	Mary Poppins (1964),	4
   ,	Right Stuff  The (1983),	0
   ,	Richard III (1995),	0
   ,	Lost World: Jurassic Park  The (1997),	0
   ,	Sleepless in Seattle (1993),	0
   ,	L.A. Confidential (1997),	0
 , , 
96,	Birds  The (1963),	0
   ,	Kolya (1996),	0
   ,	Bullets Over Broadway (1994),	0
   ,	Mary Poppins (1964),	4
   ,	Top Gun (1986),	0
   ,	L.A. Confidential (1997),	0
   ,	Richard III (1995),	0
   ,	Sleepless in Seattle (1993),	0
   ,	Quiet Man  The (1952),	0
   ,	Right Stuff  The (1983),	0
 , , 
97,	Birds  The (1963),	0
   ,	Kolya (1996),	0
   ,	Mary Poppins (1964),	4
   ,	Bullets Over Broadway (1994),	0
   ,	Top Gun (1986),	0
   ,	L.A. Confidential (1997),	0
   ,	Richard III (1995),	0
   ,	Lost World: Jurassic Park  The (1997),	0
   ,	Casablanca (1942),	0
   ,	Quiet Man  The (1952),	0
 , , 
98,	Birds  The (1963),	0
   ,	Kolya (1996),	0
   ,	Mary Poppins (1964),	4
   ,	Bullets Over Broadway (1994),	0
   ,	Top Gun (1986),	0
   ,	Richard III (1995),	0
   ,	L.A. Confidential (1997),	0
   ,	Quiet Man  The (1952),	0
   ,	Casablanca (1942),	0
   ,	Lost World: Jurassic Park  The (1997),	0
 , , 
99,	Birds  The (1963),	0
   ,	Kolya (1996),	0
   ,	Mary Poppins (1964),	4
   ,	Bullets Over Broadway (1994),	0
   ,	Top Gun (1986),	0
   ,	L.A. Confidential (1997),	0
   ,	Casablanca (1942),	0
   ,	Richard III (1995),	0
   ,	Lost World: Jurassic Park  The (1997),	0
   ,	Quiet Man  The (1952),	0
 , , 
100,	Birds  The (1963),	0
   ,	Kolya (1996),	0
   ,	Mary Poppins (1964),	4
   ,	Bullets Over Broadway (1994),	0
   ,	Top Gun (1986),	0
   ,	Casablanca (1942),	0
   ,	Richard III (1995),	0
   ,	Lost World: Jurassic Park  The (1997),	0
   ,	Quiet Man  The (1952),	0
   ,	L.A. Confidential (1997),	0
 , , 
101,	Birds  The (1963),	0
   ,	Kolya (1996),	0
   ,	Mary Poppins (1964),	4
   ,	Bullets Over Broadway (1994),	0
   ,	Top Gun (1986),	0
   ,	Richard III (1995),	0
   ,	Casablanca (1942),	0
   ,	Quiet Man  The (1952),	0
   ,	Lost World: Jurassic Park  The (1997),	0
   ,	L.A. Confidential (1997),	0
 , , 
102,	Birds  The (1963),	0
   ,	Kolya (1996),	0
   ,	Mary Poppins (1964),	4
   ,	Bullets Over Broadway (1994),	0
   ,	Top Gun (1986),	0
   ,	Quiet Man  The (1952),	0
   ,	Lost World: Jurassic Park  The (1997),	0
   ,	Casablanca (1942),	0
   ,	Richard III (1995),	0
   ,	L.A. Confidential (1997),	0
 , , 
103,	Birds  The (1963),	0
   ,	Kolya (1996),	0
   ,	Mary Poppins (1964),	4
   ,	Bullets Over Broadway (1994),	0
   ,	Top Gun (1986),	0
   ,	Quiet Man  The (1952),	0
   ,	Lost World: Jurassic Park  The (1997),	0
   ,	Richard III (1995),	0
   ,	Casablanca (1942),	0
   ,	L.A. Confidential (1997),	0
 , , 
104,	Birds  The (1963),	0
   ,	Kolya (1996),	0
   ,	Bullets Over Broadway (1994),	0
   ,	Mary Poppins (1964),	4
   ,	Top Gun (1986),	0
   ,	Quiet Man  The (1952),	0
   ,	Lost World: Jurassic Park  The (1997),	0
   ,	Casablanca (1942),	0
   ,	Richard III (1995),	0
   ,	L.A. Confidential (1997),	0
 , , 
105,	Birds  The (1963),	0
   ,	Kolya (1996),	0
   ,	Bullets Over Broadway (1994),	0
   ,	Mary Poppins (1964),	4
   ,	Top Gun (1986),	0
   ,	Richard III (1995),	0
   ,	Quiet Man  The (1952),	0
   ,	Lost World: Jurassic Park  The (1997),	0
   ,	Casablanca (1942),	0
   ,	L.A. Confidential (1997),	0
 , , 
106,	Birds  The (1963),	0
   ,	Kolya (1996),	0
   ,	Bullets Over Broadway (1994),	0
   ,	Mary Poppins (1964),	4
   ,	Top Gun (1986),	0
   ,	Richard III (1995),	0
   ,	Quiet Man  The (1952),	0
   ,	Lost World: Jurassic Park  The (1997),	0
   ,	Casablanca (1942),	0
   ,	L.A. Confidential (1997),	0
 , , 
107,	Birds  The (1963),	0
   ,	Kolya (1996),	0
   ,	Bullets Over Broadway (1994),	0
   ,	Mary Poppins (1964),	4
   ,	Top Gun (1986),	0
   ,	Richard III (1995),	0
   ,	Quiet Man  The (1952),	0
   ,	Lost World: Jurassic Park  The (1997),	0
   ,	Casablanca (1942),	0
   ,	L.A. Confidential (1997),	0
 , , 
108,	Birds  The (1963),	0
   ,	Kolya (1996),	0
   ,	Bullets Over Broadway (1994),	0
   ,	Mary Poppins (1964),	4
   ,	Top Gun (1986),	0
   ,	Quiet Man  The (1952),	0
   ,	Richard III (1995),	0
   ,	L.A. Confidential (1997),	0
   ,	Lost World: Jurassic Park  The (1997),	0
   ,	Casablanca (1942),	0
 , , 
109,	Birds  The (1963),	0
   ,	Kolya (1996),	0
   ,	Bullets Over Broadway (1994),	0
   ,	Mary Poppins (1964),	4
   ,	Top Gun (1986),	0
   ,	L.A. Confidential (1997),	0
   ,	Richard III (1995),	0
   ,	Quiet Man  The (1952),	0
   ,	Casablanca (1942),	0
   ,	Lost World: Jurassic Park  The (1997),	0
 , , 
110,	Birds  The (1963),	0
   ,	Bullets Over Broadway (1994),	0
   ,	Kolya (1996),	0
   ,	Mary Poppins (1964),	4
   ,	L.A. Confidential (1997),	0
   ,	Top Gun (1986),	0
   ,	Quiet Man  The (1952),	0
   ,	Sleepless in Seattle (1993),	0
   ,	Casablanca (1942),	0
   ,	Lost World: Jurassic Park  The (1997),	0
 , , 
111,	Birds  The (1963),	0
   ,	Bullets Over Broadway (1994),	0
   ,	Kolya (1996),	0
   ,	Mary Poppins (1964),	4
   ,	L.A. Confidential (1997),	0
   ,	Top Gun (1986),	0
   ,	Quiet Man  The (1952),	0
   ,	Sleepless in Seattle (1993),	0
   ,	Lost World: Jurassic Park  The (1997),	0
   ,	Casablanca (1942),	0
 , , 
112,	Birds  The (1963),	0
   ,	Mary Poppins (1964),	4
   ,	Bullets Over Broadway (1994),	0
   ,	Kolya (1996),	0
   ,	L.A. Confidential (1997),	0
   ,	Top Gun (1986),	0
   ,	Quiet Man  The (1952),	0
   ,	Casablanca (1942),	0
   ,	Lost World: Jurassic Park  The (1997),	0
   ,	Sleepless in Seattle (1993),	0
 , , 
113,	Birds  The (1963),	0
   ,	Mary Poppins (1964),	4
   ,	Kolya (1996),	0
   ,	Bullets Over Broadway (1994),	0
   ,	Quiet Man  The (1952),	0
   ,	Casablanca (1942),	0
   ,	L.A. Confidential (1997),	0
   ,	Postino  Il (1994),	0
   ,	While You Were Sleeping (1995),	0
   ,	Madness of King George  The (1994),	0
 , , 
114,	Birds  The (1963),	0
   ,	Mary Poppins (1964),	4
   ,	Kolya (1996),	0
   ,	Quiet Man  The (1952),	0
   ,	Bullets Over Broadway (1994),	0
   ,	L.A. Confidential (1997),	0
   ,	Postino  Il (1994),	0
   ,	Lost World: Jurassic Park  The (1997),	0
   ,	Executive Decision (1996),	0
   ,	Casablanca (1942),	0
 , , 
115,	Birds  The (1963),	0
   ,	Mary Poppins (1964),	4
   ,	Kolya (1996),	0
   ,	Quiet Man  The (1952),	0
   ,	Bullets Over Broadway (1994),	0
   ,	L.A. Confidential (1997),	0
   ,	Postino  Il (1994),	0
   ,	Lost World: Jurassic Park  The (1997),	0
   ,	Executive Decision (1996),	0
   ,	Casablanca (1942),	0
 , , 
116,	Birds  The (1963),	0
   ,	Mary Poppins (1964),	4
   ,	Quiet Man  The (1952),	0
   ,	Kolya (1996),	0
   ,	Bullets Over Broadway (1994),	0
   ,	Postino  Il (1994),	0
   ,	Lost World: Jurassic Park  The (1997),	0
   ,	Casablanca (1942),	0
   ,	L.A. Confidential (1997),	0
   ,	Executive Decision (1996),	0
 , , 
117,	Birds  The (1963),	0
   ,	Mary Poppins (1964),	4
   ,	Quiet Man  The (1952),	0
   ,	Kolya (1996),	0
   ,	Bullets Over Broadway (1994),	0
   ,	Postino  Il (1994),	0
   ,	Casablanca (1942),	0
   ,	Lost World: Jurassic Park  The (1997),	0
   ,	Executive Decision (1996),	0
   ,	L.A. Confidential (1997),	0
 , , 
118,	Birds  The (1963),	0
   ,	Mary Poppins (1964),	4
   ,	Kolya (1996),	0
   ,	Bullets Over Broadway (1994),	0
   ,	Casablanca (1942),	0
   ,	Quiet Man  The (1952),	0
   ,	Sleepless in Seattle (1993),	0
   ,	Mr. Smith Goes to Washington (1939),	0
   ,	L.A. Confidential (1997),	0
   ,	While You Were Sleeping (1995),	0
 , , 
119,	Birds  The (1963),	0
   ,	Mary Poppins (1964),	4
   ,	Kolya (1996),	0
   ,	Casablanca (1942),	0
   ,	Quiet Man  The (1952),	0
   ,	Bullets Over Broadway (1994),	0
   ,	Sleepless in Seattle (1993),	0
   ,	While You Were Sleeping (1995),	0
   ,	Right Stuff  The (1983),	0
   ,	Mr. Smith Goes to Washington (1939),	0
 , , 
120,	Birds  The (1963),	0
   ,	Mary Poppins (1964),	4
   ,	Casablanca (1942),	0
   ,	Quiet Man  The (1952),	0
   ,	Sleepless in Seattle (1993),	0
   ,	Kolya (1996),	0
   ,	Bullets Over Broadway (1994),	0
   ,	Right Stuff  The (1983),	0
   ,	While You Were Sleeping (1995),	0
   ,	Postino  Il (1994),	0
 , , 
121,	Mary Poppins (1964),	4
   ,	Birds  The (1963),	0
   ,	Sleepless in Seattle (1993),	0
   ,	Executive Decision (1996),	0
   ,	Quiet Man  The (1952),	0
   ,	Bullets Over Broadway (1994),	0
   ,	Casablanca (1942),	0
   ,	Postino  Il (1994),	0
   ,	Dragonheart (1996),	0
   ,	While You Were Sleeping (1995),	0
 , , 
122,	Mary Poppins (1964),	4
   ,	Sleepless in Seattle (1993),	0
   ,	Birds  The (1963),	0
   ,	Quiet Man  The (1952),	0
   ,	Bullets Over Broadway (1994),	0
   ,	Executive Decision (1996),	0
   ,	Dragonheart (1996),	0
   ,	Casablanca (1942),	0
   ,	Postino  Il (1994),	0
   ,	Mr. Smith Goes to Washington (1939),	0
 , , 
123,	Sleepless in Seattle (1993),	0
   ,	Mary Poppins (1964),	4
   ,	Birds  The (1963),	0
   ,	Executive Decision (1996),	0
   ,	Bullets Over Broadway (1994),	0
   ,	Quiet Man  The (1952),	0
   ,	Casablanca (1942),	0
   ,	Dragonheart (1996),	0
   ,	Kolya (1996),	0
   ,	Mr. Smith Goes to Washington (1939),	0
 , , 
124,	Devil's Own  The (1997),	0
   ,	Birds  The (1963),	0
   ,	Kolya (1996),	0
   ,	Bullets Over Broadway (1994),	0
   ,	Executive Decision (1996),	0
   ,	Mary Poppins (1964),	4
   ,	Sleepless in Seattle (1993),	0
   ,	First Knight (1995),	0
   ,	Mr. Smith Goes to Washington (1939),	0
   ,	Dragonheart (1996),	0
 , , 
125,	Kolya (1996),	0
   ,	Devil's Own  The (1997),	0
   ,	Birds  The (1963),	0
   ,	Bullets Over Broadway (1994),	0
   ,	Mary Poppins (1964),	4
   ,	Executive Decision (1996),	0
   ,	First Knight (1995),	0
   ,	Dragonheart (1996),	0
   ,	Much Ado About Nothing (1993),	0
   ,	Sleepless in Seattle (1993),	0
 , , 
126,	Kolya (1996),	0
   ,	Devil's Own  The (1997),	0
   ,	Birds  The (1963),	0
   ,	Bullets Over Broadway (1994),	0
   ,	Mary Poppins (1964),	4
   ,	Executive Decision (1996),	0
   ,	First Knight (1995),	0
   ,	Dragonheart (1996),	0
   ,	Much Ado About Nothing (1993),	0
   ,	Sleepless in Seattle (1993),	0
 , , 
127,	Birds  The (1963),	0
   ,	Kolya (1996),	0
   ,	Devil's Own  The (1997),	0
   ,	Executive Decision (1996),	0
   ,	Bullets Over Broadway (1994),	0
   ,	First Knight (1995),	0
   ,	Madness of King George  The (1994),	0
   ,	Sleepless in Seattle (1993),	0
   ,	Mr. Smith Goes to Washington (1939),	0
   ,	Mary Poppins (1964),	4
 , , 
128,	Kolya (1996),	0
   ,	Birds  The (1963),	0
   ,	Devil's Own  The (1997),	0
   ,	Executive Decision (1996),	0
   ,	Mary Poppins (1964),	4
   ,	Sleepless in Seattle (1993),	0
   ,	First Knight (1995),	0
   ,	Bullets Over Broadway (1994),	0
   ,	Mr. Smith Goes to Washington (1939),	0
   ,	Dragonheart (1996),	0
 , , 
129,	Kolya (1996),	0
   ,	Birds  The (1963),	0
   ,	Devil's Own  The (1997),	0
   ,	Executive Decision (1996),	0
   ,	Sleepless in Seattle (1993),	0
   ,	Mary Poppins (1964),	4
   ,	Bullets Over Broadway (1994),	0
   ,	First Knight (1995),	0
   ,	Mr. Smith Goes to Washington (1939),	0
   ,	Dragonheart (1996),	0
 , , 
130,	Kolya (1996),	0
   ,	Birds  The (1963),	0
   ,	Devil's Own  The (1997),	0
   ,	Executive Decision (1996),	0
   ,	Mary Poppins (1964),	4
   ,	Sleepless in Seattle (1993),	0
   ,	Mr. Smith Goes to Washington (1939),	0
   ,	Bullets Over Broadway (1994),	0
   ,	First Knight (1995),	0
   ,	Dragonheart (1996),	0
 , , 
131,	Birds  The (1963),	0
   ,	Kolya (1996),	0
   ,	Devil's Own  The (1997),	0
   ,	Mary Poppins (1964),	4
   ,	Executive Decision (1996),	0
   ,	Sleepless in Seattle (1993),	0
   ,	Mr. Smith Goes to Washington (1939),	0
   ,	Dragonheart (1996),	0
   ,	First Knight (1995),	0
   ,	Bullets Over Broadway (1994),	0
 , , 
132,	Devil's Own  The (1997),	0
   ,	Kolya (1996),	0
   ,	Mr. Smith Goes to Washington (1939),	0
   ,	Executive Decision (1996),	0
   ,	Ben-Hur (1959),	0
   ,	Mary Poppins (1964),	4
   ,	Birds  The (1963),	0
   ,	Quiet Man  The (1952),	0
   ,	Ulee's Gold (1997),	0
   ,	Dragonheart (1996),	0
 , , 
133,	Devil's Own  The (1997),	0
   ,	Kolya (1996),	0
   ,	Mr. Smith Goes to Washington (1939),	0
   ,	Executive Decision (1996),	0
   ,	Ben-Hur (1959),	0
   ,	Mary Poppins (1964),	4
   ,	Birds  The (1963),	0
   ,	Quiet Man  The (1952),	0
   ,	Ulee's Gold (1997),	0
   ,	Dragonheart (1996),	0
 , , 
134,	Mr. Smith Goes to Washington (1939),	0
   ,	Executive Decision (1996),	0
   ,	Devil's Own  The (1997),	0
   ,	Kolya (1996),	0
   ,	Birds  The (1963),	0
   ,	Ben-Hur (1959),	0
   ,	Mary Poppins (1964),	4
   ,	Blues Brothers  The (1980),	4
   ,	Madness of King George  The (1994),	0
   ,	Dragonheart (1996),	0
 , , 
135,	Kolya (1996),	0
   ,	Mr. Smith Goes to Washington (1939),	0
   ,	Executive Decision (1996),	0
   ,	Devil's Own  The (1997),	0
   ,	Birds  The (1963),	0
   ,	Mary Poppins (1964),	4
   ,	Blues Brothers  The (1980),	4
   ,	Ben-Hur (1959),	0
   ,	Dragonheart (1996),	0
   ,	Ulee's Gold (1997),	0
 , , 
136,	Executive Decision (1996),	0
   ,	Kolya (1996),	0
   ,	Mr. Smith Goes to Washington (1939),	0
   ,	Devil's Own  The (1997),	0
   ,	Birds  The (1963),	0
   ,	Mary Poppins (1964),	4
   ,	Blues Brothers  The (1980),	4
   ,	Dragonheart (1996),	0
   ,	Ulee's Gold (1997),	0
   ,	Ben-Hur (1959),	0
 , , 
137,	Executive Decision (1996),	0
   ,	Kolya (1996),	0
   ,	Mr. Smith Goes to Washington (1939),	0
   ,	Devil's Own  The (1997),	0
   ,	Birds  The (1963),	0
   ,	Mary Poppins (1964),	4
   ,	Blues Brothers  The (1980),	4
   ,	Dragonheart (1996),	0
   ,	Ulee's Gold (1997),	0
   ,	Ben-Hur (1959),	0
 , , 
138,	Mr. Smith Goes to Washington (1939),	0
   ,	Executive Decision (1996),	0
   ,	Birds  The (1963),	0
   ,	Devil's Own  The (1997),	0
   ,	Mary Poppins (1964),	4
   ,	Kolya (1996),	0
   ,	Dragonheart (1996),	0
   ,	Ulee's Gold (1997),	0
   ,	First Knight (1995),	0
   ,	Quiet Man  The (1952),	0
 , , 
139,	Mr. Smith Goes to Washington (1939),	0
   ,	Executive Decision (1996),	0
   ,	Birds  The (1963),	0
   ,	Devil's Own  The (1997),	0
   ,	Kolya (1996),	0
   ,	Mary Poppins (1964),	4
   ,	Dragonheart (1996),	0
   ,	Ulee's Gold (1997),	0
   ,	First Knight (1995),	0
   ,	Peacemaker  The (1997),	0
 , , 
140,	Mr. Smith Goes to Washington (1939),	0
   ,	Executive Decision (1996),	0
   ,	Birds  The (1963),	0
   ,	Devil's Own  The (1997),	0
   ,	Kolya (1996),	0
   ,	Blues Brothers  The (1980),	4
   ,	Mary Poppins (1964),	4
   ,	Akira (1988),	0
   ,	Quiet Man  The (1952),	0
   ,	First Knight (1995),	0
 , , 
141,	Mr. Smith Goes to Washington (1939),	0
   ,	Executive Decision (1996),	0
   ,	Birds  The (1963),	0
   ,	Devil's Own  The (1997),	0
   ,	Blues Brothers  The (1980),	4
   ,	Quiet Man  The (1952),	0
   ,	Mary Poppins (1964),	4
   ,	Akira (1988),	0
   ,	Kolya (1996),	0
   ,	Dragonheart (1996),	0
 , , 
142,	Mr. Smith Goes to Washington (1939),	0
   ,	Executive Decision (1996),	0
   ,	Birds  The (1963),	0
   ,	Mary Poppins (1964),	4
   ,	Devil's Own  The (1997),	0
   ,	Akira (1988),	0
   ,	Blues Brothers  The (1980),	4
   ,	Quiet Man  The (1952),	0
   ,	Kolya (1996),	0
   ,	Dragonheart (1996),	0
 , , 
143,	Mr. Smith Goes to Washington (1939),	0
   ,	Executive Decision (1996),	0
   ,	Birds  The (1963),	0
   ,	Mary Poppins (1964),	4
   ,	Quiet Man  The (1952),	0
   ,	Devil's Own  The (1997),	0
   ,	Blues Brothers  The (1980),	4
   ,	Akira (1988),	0
   ,	First Knight (1995),	0
   ,	North by Northwest (1959),	4
 , , 
144,	Mr. Smith Goes to Washington (1939),	0
   ,	Executive Decision (1996),	0
   ,	Birds  The (1963),	0
   ,	Mary Poppins (1964),	4
   ,	Quiet Man  The (1952),	0
   ,	Devil's Own  The (1997),	0
   ,	First Knight (1995),	0
   ,	Akira (1988),	0
   ,	Blues Brothers  The (1980),	4
   ,	Dragonheart (1996),	0
 , , 
145,	Mr. Smith Goes to Washington (1939),	0
   ,	Executive Decision (1996),	0
   ,	Birds  The (1963),	0
   ,	Mary Poppins (1964),	4
   ,	Quiet Man  The (1952),	0
   ,	Devil's Own  The (1997),	0
   ,	First Knight (1995),	0
   ,	Akira (1988),	0
   ,	Blues Brothers  The (1980),	4
   ,	Dragonheart (1996),	0
 , , 
146,	Mr. Smith Goes to Washington (1939),	0
   ,	Mary Poppins (1964),	4
   ,	Quiet Man  The (1952),	0
   ,	Executive Decision (1996),	0
   ,	Birds  The (1963),	0
   ,	Dragonheart (1996),	0
   ,	Devil's Own  The (1997),	0
   ,	Blues Brothers  The (1980),	4
   ,	First Knight (1995),	0
   ,	Akira (1988),	0
 , , 
147,	Mr. Smith Goes to Washington (1939),	0
   ,	Quiet Man  The (1952),	0
   ,	Mary Poppins (1964),	4
   ,	Birds  The (1963),	0
   ,	Executive Decision (1996),	0
   ,	Blues Brothers  The (1980),	4
   ,	Dragonheart (1996),	0
   ,	Devil's Own  The (1997),	0
   ,	Kolya (1996),	0
   ,	First Knight (1995),	0
 , , 
148,	Mr. Smith Goes to Washington (1939),	0
   ,	Quiet Man  The (1952),	0
   ,	Mary Poppins (1964),	4
   ,	Birds  The (1963),	0
   ,	Executive Decision (1996),	0
   ,	Blues Brothers  The (1980),	4
   ,	Dragonheart (1996),	0
   ,	First Knight (1995),	0
   ,	North by Northwest (1959),	4
   ,	Akira (1988),	0
 , , 
149,	Mr. Smith Goes to Washington (1939),	0
   ,	Quiet Man  The (1952),	0
   ,	Mary Poppins (1964),	4
   ,	Birds  The (1963),	0
   ,	Executive Decision (1996),	0
   ,	Blues Brothers  The (1980),	4
   ,	Dragonheart (1996),	0
   ,	First Knight (1995),	0
   ,	Akira (1988),	0
   ,	North by Northwest (1959),	4
 , , 
